"","IV","DV"
"1",1.83223992996872,4.77118843221671
"2",2.4898525653134,5.20642280440401
"3",1.92250887274571,5.1117372961635
"4",2.04750666301876,5.39372182931392
"5",2.033108437927,4.16221844010493
"6",2.23819475466678,4.57953674402527
"7",1.51035232140763,5.48176617769377
"8",1.74737298819503,5.10902760342608
"9",1.82884466475302,5.62483852501425
"10",2.07336952095859,4.37177234398618
"11",1.92720453948527,4.36676753203341
"12",1.94141833935356,4.39451706647237
"13",2.48750546570062,4.24909217719833
"14",2.69910767436372,4.1564451354849
"15",1.75226245568104,4.78856611456775
"16",1.1513557599037,5.94826666275619
"17",2.59856040535591,4.535950874892
"18",2.15029248377581,5.1027784298579
"19",2.04942373926855,5.15940395320912
"20",1.36632698962464,4.98945740844795
"21",1.64202325381877,5.35070640120213
"22",2.2589083092375,4.94325474752828
"23",2.09777949217507,4.93751821065852
"24",1.42134681791612,5.17177377094296
"25",1.8343045631194,5.20866823909856
"26",2.39402269130656,4.58189029154816
"27",2.64330523913182,4.58297012148062
"28",2.13833962235191,4.0031298287504
"29",1.69902877126811,5.0005899789782
"30",1.68536511665055,5.30514316905929
"31",2.30207757235194,4.42633539888396
"32",1.74164171962233,5.0967081194835
"33",1.56975533133605,5.59986311032052
"34",1.53823869449658,5.11754577682958
"35",1.74518418970001,5.17697625856959
"36",1.60329017674573,5.79822003123502
"37",2.45503230986168,4.43242945155709
"38",2.97413865344053,4.62139660022538
"39",1.80392498042308,5.11533085036145
"40",1.89912015028572,4.63233741877232
"41",1.29669255817086,5.32642834342663
"42",3.02414522734183,4.86168758173869
"43",1.73569897962992,5.35650423945743
"44",1.9552238977646,4.95204819499526
"45",2.32915419857043,4.24178716194015
"46",2.64393704761356,4.61785342338228
"47",1.06606928263737,5.8397253223597
"48",1.38262561356852,5.36131894314466
"49",1.97181248316362,5.66507534882515
"50",2.06192138928392,5.56843979145476
"51",1.70833222163021,5.42013725225158
"52",3.47557184113324,4.01001941887616
"53",2.96734832692644,4.38828125321103
"54",2.12522228737601,4.15546802009044
"55",2.46466036261409,4.49562123462132
"56",2.64439366363008,5.15795337484722
"57",2.60327999238411,3.71722205489811
"58",1.56407336989811,5.56641976170398
"59",1.71586912928287,4.93094796675741
"60",2.14234030654515,4.18757446058688
"61",1.97967842974739,4.11580687799968
"62",2.10576338384679,5.46358179430396
"63",1.62908768413825,4.9153273860875
"64",1.13645203950813,6.13015311473341
"65",2.01660233694679,4.34292943353898
"66",2.02953974439988,4.12058480213324
"67",2.16000879866163,5.15257921412596
"68",1.65997583128833,4.81692732145054
"69",1.827728563865,4.97031261617188
"70",2.99642254003087,4.68768117079419
"71",2.13329486275829,4.29064593552206
"72",1.75114659423689,5.8115041646754
"73",1.39537123792836,4.76201370551026
"74",1.6038872355398,5.11780847509264
"75",2.51288365912489,4.24384353501727
"76",1.80414659337692,4.99420233104843
"77",2.85928513418089,4.27044607652843
"78",1.95392362787033,4.88047023680025
"79",2.44572728314799,4.19263346477195
"80",1.49261284189243,5.30488421168522
"81",2.7001507871442,3.923763722942
"82",1.99942423983433,4.17338664354365
"83",0.909773554770479,6.0956376646489
"84",3.17825813222182,3.72949433417481
"85",2.17761060439029,4.24154506708153
"86",1.71179713596842,4.90276933287624
"87",1.88763988064664,5.55144828255407
"88",1.98108727062381,4.58221732052862
"89",1.37934769380281,5.01407280005538
"90",3.00724720662312,4.30864214959636
"91",2.7066225315166,4.40436256765208
"92",1.64138051909372,5.35049856015091
"93",1.61153492084409,5.98114295867554
"94",1.77244926533631,4.26859537267887
"95",1.83465372002233,4.91008150214242
"96",0.737823929513014,6.20571149090447
"97",2.38101707775406,4.05533069685285
"98",1.0567342021959,6.13994837867045
"99",1.76688363061179,4.53635834503857
"100",2.49956364838595,4.83395000532635
"101",2.57147492730289,4.48009379238533
"102",2.30224109804162,4.66519959372543
"103",2.2941845468584,3.65763226760307
"104",2.19282264155566,5.02716960538255
"105",2.34484790756712,4.30360202445467
"106",0.880092228158391,6.90722759702214
"107",1.2909427999732,5.3888347345777
"108",1.12336957068037,5.96158260424234
"109",1.38987837666317,5.19507362148044
"110",1.75928500181232,4.5778992207151
"111",2.4283173918088,4.60303278832545
"112",2.35102102295195,4.56930313648632
"113",2.84046386802293,3.58346051204418
"114",1.79457708662924,4.98674170879306
"115",1.9084460495508,4.64283541837909
"116",2.21403026186609,4.29878392262834
"117",1.46554000795626,5.447284534907
"118",2.78993522112118,3.94409649010504
"119",1.98986509798933,5.48190876081271
"120",2.8575985033102,4.61283398781425
"121",3.19816870266854,4.01652107632731
"122",2.85067774982132,4.25239301194925
"123",1.53980606883555,4.89070003287969
"124",1.55306927391213,5.82905590609706
"125",2.26855124365656,4.54270210678967
"126",2.23957743464435,4.4447205998266
"127",2.12286926022612,4.34674917287591
"128",2.17322211987546,5.09734714819267
"129",1.75242335731495,4.53642514475571
"130",1.75730978188843,5.97447656200053
"131",2.18360687956763,4.89919380340754
"132",2.1922026491031,4.57451723966948
"133",0.956478315365493,5.8571467481512
"134",2.37016034433917,4.15616478646966
"135",1.81792619378061,4.66579338377836
"136",1.90953636631365,5.05247685614884
"137",2.621515076443,3.93294403090278
"138",1.74880926878819,4.97962932357788
"139",1.92756069737402,4.28251084691542
"140",2.49866521791296,3.78748197790522
"141",2.48650185123362,4.18128750094184
"142",1.80849304288824,4.73981592056416
"143",1.09527170458781,5.28286647538627
"144",1.32892416289542,5.51251146547272
"145",1.71000277575627,5.5937130154758
"146",2.38648820198161,4.57332884387827
"147",1.76603714642332,5.06587230850734
"148",3.27534114226299,3.53824148028958
"149",2.26409433080341,4.88664878070905
"150",2.24984860987824,4.88654716833773
"151",2.88210280926403,3.90053182061196
"152",1.57461601989691,5.03970472940464
"153",1.71667777721199,5.04806709641788
"154",2.23341930830688,4.42387837236354
"155",2.33683627037331,4.55290319380654
"156",1.46088687548768,5.15578739212987
"157",2.31733496658954,4.519433294611
"158",1.82434673394418,5.46410459915328
"159",0.964651968927614,5.83857488310775
"160",0.948732068267775,6.31404549616206
"161",3.26629171226041,4.10899865608406
"162",2.30335565618621,4.9039457586852
"163",2.24247173243534,4.55203056232562
"164",2.70400805007063,4.38355277811425
"165",2.04719999359133,5.02991084225865
"166",1.84488668658512,4.73122116711588
"167",1.83537840256457,4.99967420786323
"168",2.3825101420587,4.62501823154998
"169",1.97780387915126,4.70947167177048
"170",2.21550387507781,4.45475474443426
"171",3.12601205231183,4.08714413604477
"172",2.32210029130954,4.80204699971936
"173",1.44022359203133,4.79428185326647
"174",1.83476501621936,4.94079275830023
"175",2.11021708063523,4.96661155488097
"176",2.01517625862432,4.97099421782845
"177",2.45373043110991,4.47707164927993
"178",2.60315854304798,4.22611889231935
"179",2.61115141084388,5.09793976939216
"180",1.47385389266722,5.46495150010622
"181",1.78869397735182,4.78818589619863
"182",2.10234900989866,5.15999246176304
"183",2.58410956869506,4.19355063382727
"184",0.969508594799762,6.18989272020602
"185",1.38509730929316,5.34727413880525
"186",2.53425302224379,4.35626583839239
"187",1.81149544597706,5.12283926725723
"188",1.73794182088656,4.86942101076814
"189",2.32187924970168,5.04303531325539
"190",2.21891020683603,4.68292708982509
"191",2.05315055562107,3.90238338971011
"192",2.09358592176495,4.42042974557637
"193",2.54753927600807,4.63841668175826
"194",2.02527896918159,4.1314354503965
"195",2.92607873388862,3.85580930872759
"196",2.5279704336905,4.15502037419182
"197",1.35437964563045,5.15109767444649
"198",2.72162562724022,4.60447535928341
"199",2.2543215604166,4.0780734229189
"200",2.45653635933734,4.59805403074838
"201",2.51091302905687,4.41366424095891
"202",2.35130172704409,3.86971056882185
"203",1.53013654266367,5.69994134550017
"204",2.37386331028499,4.69157215528115
"205",2.09099385918165,4.57930487542778
"206",2.89540544085874,3.42020727567427
"207",1.41762956015264,5.25397758884341
"208",1.88882829705382,5.46931818814048
"209",1.65991484774109,5.45710509753106
"210",2.34017268921118,4.14074575670984
"211",2.26226143910221,4.93611765336807
"212",1.59574761962404,5.24461884095721
"213",3.03783173306066,4.11230947510203
"214",2.21678420459471,4.79417704788971
"215",2.8918540730932,4.01572457414858
"216",0.742516925206735,7.5062454230532
"217",2.1120542296978,4.69818019462068
"218",2.25180748514141,3.86085144314425
"219",1.68279170830873,5.15559117208007
"220",1.44863506021627,4.14058516636521
"221",1.99715699908395,4.05603290310588
"222",1.38090979632631,5.74930969490989
"223",2.11554865607524,4.88951346388649
"224",2.00194656630643,4.96983622028246
"225",2.30268848627268,4.59129042828648
"226",2.35804550579312,4.34853823204949
"227",2.73786820484697,4.36958105067223
"228",1.67202918228963,5.72448997802897
"229",2.96069549056124,4.19303016922993
"230",2.43604040580903,4.48694296318847
"231",1.94755877196256,5.32375545253154
"232",1.98537888757543,5.06043875525533
"233",1.95842783019008,4.53773788826416
"234",1.43849056549962,4.77271648169409
"235",1.73752350621531,5.43644607705554
"236",2.05352261441243,5.49975847420694
"237",1.58410685560614,5.5210124115972
"238",1.88681179129971,5.01248732233769
"239",2.33848844995501,4.49021681140177
"240",2.71219445561811,4.46475292334054
"241",2.09913445330993,4.1093501575802
"242",2.6788408294039,3.91171665765777
"243",1.11784539520237,6.08019302869696
"244",2.36084222751149,4.17916732677307
"245",2.61112995217504,4.51840816336469
"246",2.05313114288022,4.56701654608056
"247",2.35111963415552,5.2116994482893
"248",1.91257641232277,5.28694144531041
"249",1.67682982362382,5.02931302209471
"250",1.34687281746207,5.64968842021305
"251",2.63426506800494,4.06096373439618
"252",2.47022606203992,5.33839892384318
"253",2.21972303783572,3.85136681499757
"254",2.48905849378674,4.86028239106339
"255",2.11342525969207,5.07489747160018
"256",2.37137870105592,4.15409700868417
"257",1.8153912364401,4.97076578904828
"258",1.86750139232243,4.79939018730984
"259",2.96491622797177,3.82229262565095
"260",1.89477953889712,5.00244457304039
"261",2.91407588723516,4.47629727660948
"262",1.9721847960612,5.20741547207396
"263",1.29674552874456,5.28669577431506
"264",2.57626440756772,4.90868314060997
"265",2.62907454418919,4.2615531902239
"266",1.91586894442437,4.78440236422705
"267",1.28728015826917,5.26652889775918
"268",1.42114666420379,5.05192265701591
"269",1.87834723476653,5.09957739692499
"270",2.36788401103548,5.10166867049075
"271",1.87689157558856,4.80247297275613
"272",2.04467016524247,4.33189596626643
"273",1.7902652386516,4.75600202162218
"274",1.02318245545949,5.67898502191213
"275",1.55931202802995,5.01604068874204
"276",1.70687323353481,5.27039467463986
"277",2.44729372936985,4.83739784056124
"278",1.58711702654178,5.43917703771233
"279",2.11603143679826,4.85218262588238
"280",2.18281451050948,4.95839537373322
"281",2.83920733235993,3.96703244752214
"282",1.90840458204651,5.17603712044298
"283",1.68155410498723,4.65655408586814
"284",1.52535099441651,5.04765420835028
"285",2.36830900739845,4.55424476318986
"286",1.87888018878269,4.29594694261043
"287",2.47059378483412,4.61748795118382
"288",2.22562263731141,4.69929833789136
"289",2.3805837423223,4.35812007139859
"290",2.24606870643915,3.94054314542426
"291",2.44094722008796,4.14034155668915
"292",2.48472631147376,4.53490811236299
"293",1.57845429874394,5.45658490150189
"294",2.54120137929088,4.10065145337519
"295",2.17088098034481,4.50489315211518
"296",2.43562551152066,4.70566383075335
"297",2.06022370167013,4.63034320651021
"298",1.56917180170797,5.37456606533988
"299",2.21221709944566,4.77111623833966
"300",2.14201149384132,3.71335137466245
"301",1.46823470655081,5.62814010561418
"302",1.91143026984023,5.06598388012894
"303",2.34186221744776,4.70988279317766
"304",2.58034390977869,4.25324970028382
"305",2.09020669752619,4.37212327816673
"306",2.74918945218382,3.95291933069992
"307",2.29595150222497,4.6176743288777
"308",1.44500553766679,5.82291126114076
"309",1.41792172089338,4.64050901368805
"310",1.7168111651351,5.53458626908461
"311",2.20017505233949,5.14674728085702
"312",2.28962646926111,4.25599757224265
"313",2.44610034609778,4.24105403340368
"314",1.30949893628712,5.7623527312617
"315",2.43896998162329,4.1809321556901
"316",2.02789855011412,4.31081047487152
"317",2.18723073461476,4.85362446591903
"318",1.5412118043401,5.30687822839132
"319",1.05164888806916,6.52031365534612
"320",2.32136485440777,4.67252220155657
"321",2.23840293948198,4.81317053914826
"322",1.98565389453163,4.57052611000351
"323",2.15186089751843,4.66436439734041
"324",1.68547388517076,4.82487309503373
"325",1.20592303473354,6.16976699997192
"326",1.80684996048073,5.14703829504222
"327",2.2069084314741,5.62910418931652
"328",2.09069406524206,4.50205802446774
"329",2.11937991881035,4.07486775520761
"330",2.49429959740808,4.56695989183892
"331",2.19263583670582,5.28220897499613
"332",1.73259656205277,4.93171663573437
"333",1.32918587065898,5.48353032665604
"334",2.03750295803057,4.6022253902023
"335",2.42380848103049,4.60483008805787
"336",2.24884469923107,4.24213697239814
"337",1.8766236811658,4.54609795817982
"338",3.21431656513067,4.06736663700363
"339",1.25289345569431,5.16781214174043
"340",1.76787967186605,4.81274593580744
"341",1.70621906438873,4.59979990783617
"342",1.15270025573576,4.91593174084005
"343",2.1141969922366,5.2675453652209
"344",1.6785223084677,4.32099361998638
"345",2.43293811824818,4.42175932373809
"346",2.58865750919999,4.29797424469733
"347",1.29527982326943,5.43143705428337
"348",2.30417905296688,5.01918713270575
"349",1.72637907111243,5.03260008187771
"350",2.27351854681656,4.91765541547088
"351",1.28879464386961,5.22788410787341
"352",2.08507720608781,4.79001652648163
"353",1.25859612434891,5.61027604498888
"354",2.94949785637259,3.95976520575802
"355",1.8186655161968,4.80409678334519
"356",2.2029755336611,4.38700719398252
"357",2.50556904262728,3.97054028740658
"358",2.63186267140694,4.76378141973193
"359",1.0733693982125,5.55600933465217
"360",1.65419204611443,5.68356845582376
"361",1.93001861629669,5.14399315195617
"362",1.67041821142384,4.74051115078018
"363",0.956235109921545,5.6556469087861
"364",2.42004066334827,4.4994085561101
"365",2.36266570157631,4.85856854885085
"366",2.58886509079219,4.3429970529698
"367",1.95080319173799,5.31153749600897
"368",2.09122216013502,4.81892438188216
"369",2.02754961062777,4.26232219991064
"370",0.994585294598307,5.13952832803464
"371",1.18768276543773,5.36473858480863
"372",2.32334790751059,4.74551373476776
"373",1.70676998151789,5.06945985979727
"374",2.61970612127676,4.63287672890645
"375",1.79002968307492,5.63080249167994
"376",2.47627376984131,4.77221875305797
"377",1.24641335562102,5.62679577879346
"378",2.22492616513558,4.38949474225029
"379",2.41239154694046,4.59001323863266
"380",1.31589894719302,5.40472049840112
"381",2.77585400809913,4.00487886911201
"382",1.90242849714277,4.96121572983951
"383",2.04230809335357,4.52224978190656
"384",2.36621982254843,4.15634156659468
"385",1.70687531464155,4.41366886430728
"386",2.47757591495307,3.89760505071317
"387",2.27188001092052,4.3169206739622
"388",2.66070131017724,4.70386952899586
"389",2.64726581172319,4.46074532252951
"390",1.79271137811079,5.6027824875017
"391",1.84254307843607,4.44942410447071
"392",1.63086341376299,5.75594983938439
"393",2.2538666459781,4.50607522730977
"394",1.7776931715733,4.89115539857042
"395",2.73553444402659,4.56747216148656
"396",1.33964393358267,5.38039628750254
"397",2.15164512571388,4.69916176108835
"398",2.05360128368434,3.87096238171323
"399",2.07560658777982,4.23862625989448
"400",2.14527416879592,4.87960564668984
"401",1.97135738881587,5.70617826470842
"402",1.40238037343634,5.63829012976688
"403",1.19099775288046,5.24454421051324
"404",2.57192490102275,4.55714212751974
"405",2.23905517873206,5.03639139196377
"406",1.96182006868879,4.91128533693371
"407",1.23241459659716,5.28709793630162
"408",2.31189337309498,4.04894414314161
"409",2.4916473968967,4.70546170982335
"410",2.39461551954121,4.39487755336114
"411",2.33548856432457,4.56651891874697
"412",1.77852129166976,4.99032523911616
"413",1.55253489012033,5.03590728899911
"414",1.87814662559477,5.35871258981138
"415",1.76953343318795,5.58204754778931
"416",2.53893938656507,4.8539473672806
"417",1.7404705574334,4.64731167768136
"418",2.259826021847,5.07275365557204
"419",2.5098192130842,4.51215187156987
"420",1.88763755688517,4.92015514376185
"421",2.31418437432527,4.42225640614438
"422",1.71056976430983,5.05610695454553
"423",1.75782486367862,4.77241102924917
"424",1.88309801474775,5.03084350480562
"425",1.4555842524806,5.20356584576453
"426",1.87201113978667,4.44941563930796
"427",1.88518777240672,5.02828615773519
"428",2.09943633558891,5.24896203902687
"429",1.68284826884447,4.44962986110849
"430",2.91756911503689,4.8178784935824
"431",1.79855138703225,5.10236478864504
"432",1.86929504379871,5.02318389716854
"433",1.41272191186922,5.14688554726056
"434",3.0927264509947,3.68431819362161
"435",1.8197093247907,4.52413837911535
"436",2.81320214416697,4.39591424694661
"437",1.07210487780723,6.02668786502888
"438",2.03834493068403,4.16562618936147
"439",1.44328142221753,5.07423033163753
"440",1.88570836602594,4.37524890721504
"441",3.0479068728074,4.57163195263387
"442",3.19250457950534,4.51272626557937
"443",1.29244452475233,5.58017700162419
"444",1.97165258207724,5.3477004848039
"445",1.79598812099459,5.12297943189217
"446",2.94875345867662,3.69847269447238
"447",1.95478211324921,5.38602379069623
"448",1.48113251170774,4.69874526284373
"449",1.12065795377492,5.79241563005095
"450",2.28084134265379,4.70099982071429
"451",2.01804068289977,5.0834722451126
"452",1.89522196128757,4.62121077581585
"453",2.19779296862267,5.10802215265385
"454",1.91420688844385,4.73996965545392
"455",2.18334478711191,4.56654114103749
"456",1.85437718593055,5.24590650860523
"457",1.88249027429062,5.18577522537835
"458",2.50369982050411,3.73856151452447
"459",1.51018576821926,4.3715660792689
"460",1.84099233738413,4.60959138674523
"461",2.05092304823186,4.91230984546178
"462",0.93198165703804,6.19957349603114
"463",3.22738413964724,4.64697458454352
"464",1.56877942789517,5.49966957069791
"465",0.878008111144694,6.44464308326975
"466",2.87032408828316,4.03472077470122
"467",2.30827724876491,3.79094112845104
"468",2.16157753949265,4.40573486395313
"469",2.0901610663547,4.41689460987521
"470",2.46409705670589,4.72987319745375
"471",1.40052014618766,5.46323894903155
"472",1.08465115207868,5.96124799651642
"473",2.16419000218359,4.49092121702956
"474",2.81280009642657,4.36538411998637
"475",1.8575153355828,4.00206462247334
"476",2.17031048701452,4.70562024265695
"477",1.67956104508183,5.36285085450531
"478",1.28012450477526,5.61769061328996
"479",2.63293557316524,3.71576722271932
"480",2.34142426538414,4.20536820645897
"481",1.53090688776754,4.46574718974477
"482",2.11742995499545,4.7034468676295
"483",2.2701015156409,4.97880209401643
"484",0.720663422824533,6.69084692820837
"485",2.14393488720494,4.74036787669552
"486",2.62069333932803,4.78374965060369
"487",1.79369313226514,5.09241703025471
"488",2.75767268639039,4.48951977472073
"489",2.19707078617253,4.16323448700643
"490",1.26806263396518,5.48488165002907
"491",2.59666461672109,4.31070887933303
"492",1.64736371595614,4.67786792607696
"493",1.94080819721799,4.67888645630377
"494",1.81531104312538,4.68817425095965
"495",2.3969735310655,4.42447719603677
"496",2.60504398768563,4.25912826238287
"497",1.82822310040493,5.02633831158842
"498",2.00545814244097,5.43941525492026
"499",2.21174175050319,4.01541164060045
"500",1.87868398248816,4.75625164790877
"501",2.56795852550486,4.28402617228202
"502",2.84774786951659,4.11406845105424
"503",0.736189263448306,6.79969280512691
"504",1.91588682631157,5.4772721642341
"505",1.32224828354047,5.94050917796253
"506",2.68642163369092,4.358400762102
"507",1.53519615665757,5.69119760649971
"508",2.36422212418163,4.58600715775947
"509",1.8857716288,4.35751972341192
"510",1.75979044558655,4.4717232444378
"511",2.213547046568,5.08563872068916
"512",3.61440578856613,4.07074736710267
"513",1.64983355170545,5.48784637669561
"514",1.63309443139795,4.54241047363846
"515",2.32706801179418,4.67400416954577
"516",1.37909997937458,5.47227086691788
"517",1.6441167326788,5.67427309563452
"518",2.59162345845558,3.89190235125505
"519",1.42072624084724,5.12301446174252
"520",2.58391653337784,4.60488850605392
"521",2.57465774728112,4.42418768026466
"522",2.17008872867105,4.2590349142766
"523",1.82651428638503,5.38099207303538
"524",1.80236533085401,4.45578123679707
"525",1.42969343361164,4.34122215141343
"526",2.68811789378354,4.2466034349231
"527",2.16715603192289,3.4607451676414
"528",2.32327469405115,3.88303041656429
"529",1.78808086421029,5.12127801239146
"530",2.28500980717683,5.15994449587681
"531",1.54651741388119,5.45008570993915
"532",2.4958784657939,5.52830283018466
"533",1.56327114787203,5.82051075971118
"534",1.264448886938,5.23097217750298
"535",1.23258753042587,6.115334410103
"536",0.529837452055943,7.21179687600161
"537",1.93338633631451,4.40922833736815
"538",1.69845652159185,5.8813678829509
"539",1.57431832777007,5.1476990048274
"540",1.55059792067137,5.29107885526587
"541",1.92936722878078,5.21429093720443
"542",2.03213216935173,4.51969937926738
"543",1.68885387266583,4.26069437918273
"544",2.00203001357299,4.43032319894254
"545",1.99364728328982,5.06755152011826
"546",1.83907914431284,4.75620059843034
"547",2.33682447336589,4.13957135031578
"548",1.67898353764693,5.18204656433367
"549",1.86936441931552,4.8796015782737
"550",2.27689294417414,4.75764516214267
"551",2.0825956229355,4.42839430945097
"552",1.93782784629438,4.49680178982316
"553",1.94920271774092,5.52286424935648
"554",1.68895181850941,5.15080379276456
"555",2.3148207157976,4.45351485539406
"556",2.63381357688196,4.51494290900668
"557",1.95654452427622,5.43000750306635
"558",1.51386042145022,4.2888328009972
"559",2.28668640353564,5.16155863583288
"560",2.78840596853258,3.943645535557
"561",2.40193249686587,4.6426632860066
"562",1.60014913851732,5.63326228763092
"563",2.06575552922805,4.87377769233375
"564",2.23220141050833,5.04706088315032
"565",1.70358262443261,4.33265441262436
"566",1.1770664067765,5.55677168891206
"567",2.2661083055838,4.92570796243481
"568",2.29019572019211,4.83355757193323
"569",2.83488207193218,4.54721811619457
"570",1.16958352163982,6.07835729591261
"571",1.65894352618902,5.18448981429821
"572",2.51229990633456,4.97571236195415
"573",1.79560756812899,4.43623214273412
"574",1.59581384883341,4.80301065913668
"575",1.07815525132977,5.51914436941484
"576",2.41311687212956,4.65417650374251
"577",1.87085214661929,4.61872260389569
"578",2.15585948538912,4.74181531864126
"579",1.88018622856993,5.05095479708565
"580",1.45704469923539,5.51932054801847
"581",0.955386419156441,6.20823213043289
"582",1.74974982147423,5.3137183414539
"583",2.31508434422002,5.40203932847514
"584",1.51855403698259,5.85725134195798
"585",2.31455887313909,5.09075143660706
"586",1.66202764655953,4.6931121731507
"587",2.24158786136829,4.33381087751875
"588",1.95546848232445,5.00165536180977
"589",2.25350525504239,4.67760878410504
"590",1.92076278448554,4.86905871307499
"591",0.915334944298953,5.53053975347199
"592",1.55302861798997,5.30042080769677
"593",1.7563614635478,5.0637832962704
"594",2.88628484389466,5.01101777671843
"595",1.20827844801572,4.85720595616761
"596",1.94573371337876,5.17507574659593
"597",2.30647860117787,5.10630560530423
"598",1.93255509994985,4.76491320669605
"599",1.72317166197373,5.03422433563401
"600",2.48662304960512,4.94260257686251
"601",1.50726656801387,5.85205535866497
"602",3.03508468561674,4.87162911265693
"603",2.18132355522278,5.20688057772907
"604",1.21251515743771,6.55835866587628
"605",1.6811294290626,4.88376958461467
"606",2.23452500116995,4.52663730178152
"607",1.31929382810977,5.24904449356702
"608",2.4438835992012,4.76337688565894
"609",1.65783030696801,6.06110255950992
"610",1.5045463562156,5.42038739774707
"611",1.41179603245554,4.93082676997868
"612",1.69853318604061,4.67079677724821
"613",1.82848836775478,4.68511071902831
"614",1.42538790064241,5.6677261806945
"615",2.31364350363178,5.035732427042
"616",1.04065240466426,6.12977237497942
"617",1.07643396436871,5.86599007828117
"618",1.4101838992518,5.23467778074657
"619",1.92140775538867,5.13476526883994
"620",2.18514649727311,4.93834939250563
"621",2.19379018385093,4.74223398474741
"622",2.70836860744547,4.51735344543807
"623",1.52533141555328,5.51061234525175
"624",2.03523348313728,4.9328262952662
"625",2.19645196198129,4.00318985553271
"626",2.28529965855368,4.27639985308511
"627",2.22558453973668,4.43615318090352
"628",2.62899457158411,3.77661311887806
"629",1.99163991566503,5.47410444604672
"630",2.16206795232516,4.45679231282611
"631",1.34418892771717,5.72383521638551
"632",1.5596579931484,5.38807987857058
"633",2.22503226461317,4.24080356446818
"634",2.46250092087076,5.24670706558426
"635",1.42199103073803,5.50076245863944
"636",1.75496654603303,4.17507264977216
"637",2.11156571729115,4.22957832897755
"638",1.73677347928695,5.96115693095796
"639",2.60938949752926,4.05701613959464
"640",2.364463067032,5.34995877336202
"641",3.03830397991626,4.54478094640117
"642",1.99494199780394,4.55138647158979
"643",2.81582913147492,4.55410955659576
"644",3.00048188609468,4.78209495470613
"645",1.67406334561437,5.42549681472451
"646",1.90738432649731,4.69164199924298
"647",1.64869228799404,4.75770871476356
"648",1.34223116389521,5.28053781634523
"649",1.87755936482754,5.23087076413509
"650",1.51613280596626,5.32317886034784
"651",2.60014489829738,4.01465904813116
"652",1.4510214068925,6.45944550208026
"653",3.10776502437244,4.24116129208825
"654",1.96190359547009,4.80885374512712
"655",2.18096290596218,4.7922119869462
"656",1.13520881849161,6.09539967810816
"657",0.953351541934984,5.72279043816351
"658",2.81127889218195,4.56440528333032
"659",2.36247653870897,4.63474057900527
"660",2.50589603842494,4.24724117431781
"661",2.68903124406402,4.40021969699145
"662",0.947199486568191,6.45239808811414
"663",3.03135438071535,4.10976469325009
"664",1.97384104165241,4.68416322490255
"665",1.21651223136774,5.96209005310383
"666",2.3335005418138,4.50680163013896
"667",2.07700042080338,4.66462316987683
"668",2.15520177222009,4.66598540517382
"669",1.91666196869836,5.48554286550845
"670",1.28927162570414,5.76560659252621
"671",1.46912992137725,6.20370220299301
"672",2.44044001235617,4.20107793366225
"673",1.44505640850988,5.64254928252788
"674",2.29430495977484,4.29890099242351
"675",2.43517382582308,3.61136106589325
"676",3.06587344589984,3.69363865407842
"677",2.23910043588276,4.45571810219644
"678",1.90321817104862,4.20230103479221
"679",2.05493094203853,5.15541231091412
"680",2.20147211594343,5.07755233717569
"681",1.27112485167478,5.84832652927711
"682",1.99005776391073,4.79998055897547
"683",2.29961357584842,4.62060623668647
"684",1.38929829653224,5.28644441988413
"685",2.54108093864222,4.62985699028319
"686",2.3105484688499,4.84855634020037
"687",1.02065344908125,6.3216465267544
"688",2.22756644993795,4.80018982190805
"689",0.861543909347023,6.59461614703955
"690",2.46911968256248,4.62601427690015
"691",2.0012323233287,5.26683113895344
"692",2.28472733460952,5.04627597719824
"693",1.70005338897773,4.31589394583669
"694",1.43462778944212,5.92772409132523
"695",2.69428201113568,4.50526194993151
"696",2.51354221355418,5.16995052204593
"697",1.94168208933916,4.40888991409872
"698",1.06852617463877,6.2626221839374
"699",1.52240306805232,5.00013184485148
"700",2.05269794296878,4.84621924175421
"701",2.66786653772737,5.13839780379345
"702",1.01999208232461,5.95101844631236
"703",1.7347809673691,4.69692765975787
"704",1.92246896533816,4.70938138611653
"705",2.10358462067208,4.88137001812518
"706",1.28373579427532,5.33333467016112
"707",2.00365264266796,5.36736019118851
"708",1.34966332346133,4.96740711241924
"709",2.28044142495154,5.26796298635265
"710",1.63754411694006,5.04198212886515
"711",1.99368458176057,4.75308782167659
"712",1.15646727334947,5.02409486265742
"713",2.4657236703636,4.68197610622797
"714",2.59447490958187,4.60622578051507
"715",2.33159685640726,4.4313001110262
"716",1.69974528380301,4.8637632195652
"717",1.55406807656534,4.6207257459077
"718",2.11020547712159,4.45406298421142
"719",2.3457084307361,4.68381339470793
"720",2.19231179952469,4.93573314436304
"721",2.97878006482127,4.56454317080641
"722",1.66753285980541,5.20628586527647
"723",2.07358203282683,4.91976621942368
"724",1.94018346261862,4.47101260638623
"725",2.79888520753407,5.14801569776918
"726",1.70887377300107,4.74436354815966
"727",2.92156360254255,4.37312174379341
"728",1.19948226656478,5.59488847287519
"729",2.07014455939101,4.36774783294268
"730",2.4498750358154,5.26183471576692
"731",1.63944193106055,4.50132453006292
"732",2.7961465743036,4.61039473608852
"733",3.25283936907774,4.02388887463223
"734",2.21060550499095,4.63369511549192
"735",2.60647095170697,4.21883116982332
"736",1.43400803566956,5.50029616475979
"737",1.3385987882568,5.77093225775057
"738",1.82995829834288,4.64183173817099
"739",1.86728029026567,5.36549864861296
"740",1.22404248985376,5.39950279292119
"741",1.59255283014702,5.52409437035804
"742",2.34951314016127,4.91199542191628
"743",1.56192605986558,5.2444109429769
"744",1.92775313469234,5.34907750218654
"745",2.80582365116693,4.52695668084089
"746",1.25921792019561,5.37403976882977
"747",1.91908819150331,5.38651384318183
"748",1.66204930425032,5.39852166533019
"749",2.19138178397094,4.2396266202202
"750",1.16214746090011,5.40733075385598
"751",2.01720249082169,4.59279539290722
"752",3.01603839068139,4.62286399589877
"753",1.10462204225424,5.63513579846466
"754",1.70951305401542,4.47622947748159
"755",2.55467833080057,4.60095907224902
"756",2.09852442359455,5.10818092248353
"757",2.93298195236136,4.38921673321486
"758",2.44537388107484,4.67863586615044
"759",1.35375568820318,5.87956538075607
"760",1.15668287788518,6.12818476755157
"761",2.7278072883812,4.61965177874122
"762",1.6007278827279,5.42562752212341
"763",1.28332764219835,5.57076477485496
"764",2.43439953025275,4.77953729523164
"765",1.19134028906663,5.23062548041249
"766",1.97778429121929,4.85726740295774
"767",1.92891560633989,5.45411643591526
"768",1.48031918219498,5.38594211184374
"769",1.42085608539304,5.14134246463609
"770",1.89295364565753,5.28001301845815
"771",1.62834185728988,5.89848209550365
"772",2.2898318339999,5.0794171822596
"773",1.9242884617907,4.76228722379027
"774",2.22102286146426,5.77054470422168
"775",2.0236105442433,4.4870714169545
"776",2.05056011874481,4.61398406469789
"777",2.08271115223117,5.46573590895319
"778",2.72647183371199,4.0730622978628
"779",1.93445987898909,4.55898450129768
"780",0.976687215368073,6.77400845461743
"781",1.87990560533116,4.30624685688838
"782",1.92380901788949,5.10969159610469
"783",1.178524166017,5.58635582149373
"784",2.47127042374161,4.74298071762135
"785",1.40676253809529,5.3147227350437
"786",2.39756006559094,4.22005357948514
"787",2.58572144074059,4.07483654659698
"788",1.93609869402072,4.54503245921141
"789",2.81801662993495,4.79636059781313
"790",1.82872103041543,5.16451158591084
"791",2.30491975823839,5.20410737834033
"792",2.24089842210749,4.72891728370681
"793",2.6781891593985,4.0637043449941
"794",2.20340264732416,5.19448102151074
"795",1.40104517585559,5.45318717317302
"796",1.85610835796817,5.10050147149686
"797",3.09188855954468,4.91477599289958
"798",2.74998257161318,4.61017253425393
"799",1.77244937613211,5.52719437232931
"800",2.44578479595343,4.63949951292886
"801",2.49118072986048,3.83734865358102
"802",1.63781835877114,5.51528931492079
"803",0.871274225847027,6.78515221812172
"804",1.94931542618095,5.14706868503454
"805",1.76144797009997,5.02459952999817
"806",1.83365714104562,5.24405983304852
"807",1.84524140866344,5.0641441035681
"808",1.97333376405835,4.16244523022285
"809",1.44817278210908,5.42760967887283
"810",1.11259599646018,5.69046485137767
"811",2.80308286103924,3.92018086928777
"812",2.4539398006741,5.70017977985082
"813",1.75841915186244,5.3195738823087
"814",2.281646192615,4.22035388397984
"815",1.21176381093961,5.86391022530736
"816",1.78631102837468,5.32635528107819
"817",2.07371826774137,4.89758841759978
"818",2.22166475302159,4.74830182180871
"819",2.26500788907134,4.9427186550349
"820",2.55994455478633,4.49376376035039
"821",1.55633955824154,4.83210784311087
"822",2.05317543133946,4.76960881836755
"823",2.04961887914462,4.82011730851336
"824",1.85321474098012,4.7232367209397
"825",1.59004090652898,5.48510211007573
"826",2.23770182039306,5.40243473285349
"827",1.49355849072937,4.79480066392381
"828",2.21586015941923,4.9697520849238
"829",1.86549054512785,5.37677565022173
"830",1.99347396844933,4.67100018806818
"831",2.51836400829862,4.58211765491387
"832",2.03832769713179,4.38978365101603
"833",1.11550013240429,5.85759970856016
"834",1.49897980777323,5.19977646007986
"835",2.29544255933141,4.75751690766387
"836",2.32157984351144,5.3192057661133
"837",2.64083796081314,4.34544282267521
"838",1.51166957815673,4.78935597596561
"839",1.83900743097228,5.03529208135102
"840",2.72671320863542,4.28427102157512
"841",2.14159716736899,5.09005423770921
"842",2.09051698827141,4.52356567986709
"843",1.76500650990595,5.28160431270157
"844",1.14912091816027,5.6926758913963
"845",2.61005702528603,4.01972944067475
"846",1.70323206973875,5.08038471096125
"847",1.95755721438396,4.97760246370836
"848",2.04631527543875,5.08007896068464
"849",0.697300266589837,6.09531470895743
"850",1.8246336243501,5.62670335945037
"851",2.3087504796942,4.13406345380451
"852",2.51421904016987,3.97135264143873
"853",2.08638447688313,4.53146634492136
"854",2.57692495028632,4.87075938528503
"855",3.12178554074827,4.36715817311846
"856",1.67660351466111,5.13812012013998
"857",2.60157442028159,4.75849705675673
"858",2.4496636802017,4.98401517387266
"859",1.92317516767818,5.46916258461912
"860",1.64832621850757,5.9898722731333
"861",2.47356891189585,4.79930865239037
"862",1.59080040082286,4.48489298809251
"863",2.65482458760613,4.21083659481774
"864",2.40671755874745,4.66935170099952
"865",2.60936052103911,3.73900206644073
"866",1.93292147484281,5.43280989451898
"867",1.42834667654713,4.85171636762906
"868",1.85882308104368,4.72557384026028
"869",1.54808095210984,5.12284308488174
"870",1.98856224814057,4.40715666182922
"871",2.35040109166002,4.62391350443358
"872",2.12457024707906,4.1543650763572
"873",2.11807399389734,4.85197351637106
"874",2.24372571819458,4.53915745516829
"875",1.34005304546779,5.53503368062441
"876",1.24325775282816,5.38792244821211
"877",1.27330473170115,5.71444184397946
"878",1.88182008333871,4.25456463123809
"879",2.15128374380914,4.15887450894051
"880",1.60214711658617,5.0489795953518
"881",1.87504439289456,5.17814644914673
"882",2.02548153656297,3.60564361822754
"883",2.0211219965854,4.96622889934747
"884",1.78073036653024,5.03469148844276
"885",2.47256559222397,4.07917735970257
"886",2.4407595120604,4.61381944752493
"887",3.04866779355574,4.53682264245417
"888",2.27642855909565,4.71199610218954
"889",1.04958739397364,5.70844451268063
"890",2.33025509540448,4.37237526152577
"891",1.23118724103268,6.20949865607162
"892",1.8558286915586,4.53893597304832
"893",3.02210801821556,4.54541753879818
"894",2.20749259236766,5.36259435456668
"895",1.49415553159626,5.51467076882301
"896",0.749505516414713,6.12278082556008
"897",2.03535278635138,4.39103752883442
"898",2.75008872637199,4.70326554272166
"899",1.87650922575685,5.31404782992622
"900",2.20480147254295,4.73394569558674
"901",2.02631592853222,5.00925180555324
"902",2.36097066260306,4.74037643561976
"903",2.66593364073152,4.51520283955682
"904",2.33490755207298,4.78625523579034
"905",0.76323025027014,7.45696526512177
"906",1.77976750036147,5.06544015921261
"907",2.60710045966053,3.39284510216928
"908",2.42892650905808,4.64093915643947
"909",1.73425207204865,5.32842986277865
"910",1.97182656066512,5.06643586337219
"911",1.89882742502023,4.29212043962425
"912",1.94537668226891,5.03824368480007
"913",2.24620356202068,3.88032780268425
"914",2.52753549026843,4.74407651654316
"915",2.52304652039536,5.18070378653667
"916",2.59432591509179,4.17754401497724
"917",1.94722402596307,4.59618932325928
"918",1.91765155668446,4.61194368818934
"919",1.75549118507214,4.31451773333123
"920",2.82325278192673,4.50939335315189
"921",1.88062824249026,4.21853423182056
"922",2.32034993182941,4.89035858269943
"923",1.93360097163896,4.69180621389568
"924",1.23973727961901,5.91070718194098
"925",2.25345324440168,4.47936505402958
"926",1.34661594657653,6.0504650670624
"927",1.6395426854659,5.64908031759912
"928",2.13020301515041,4.8813368646701
"929",2.27150112598609,4.73010608514594
"930",2.9926992216147,4.45689150493929
"931",1.2964223390075,5.46561966467179
"932",1.18106638617082,5.51985075126399
"933",1.73898018648489,5.491132513848
"934",1.69235896387627,5.6738976524977
"935",2.34500465109189,5.03982422499104
"936",1.37390717247477,5.19884143120432
"937",2.29316868912094,4.49783996748236
"938",1.60600176975129,4.9226493381999
"939",2.25548440944413,5.0832900187021
"940",2.36176641130071,4.09437807874018
"941",2.15136460368286,4.2140701238039
"942",2.92533964183036,4.54464420286079
"943",2.91750279046208,4.33013610474775
"944",2.61000365586134,4.49770717031638
"945",1.65787186763214,6.24883265654844
"946",1.2986642318812,5.63214846942595
"947",1.4154753555613,5.04603278723057
"948",1.32473426271542,6.09266481526037
"949",2.50757257627789,4.05986867465673
"950",1.64981222123384,5.26952973063708
"951",2.59270053386879,4.3140360261791
"952",1.5675255203709,4.52291424464213
"953",1.56056907664404,4.83689853677413
"954",2.1557266886679,4.86126186359649
"955",2.50303829888915,4.45864973129928
"956",1.46315289293944,5.57612054969714
"957",1.75886460548249,5.09284636820711
"958",2.41112417607474,4.20526714694011
"959",1.786723473541,5.22459708886516
"960",1.8887926617496,5.44079585865805
"961",2.18608719470014,4.7920116544151
"962",2.5361857333404,4.60355864533266
"963",2.50380040249203,4.40626239262712
"964",1.96039585629578,4.91996679173533
"965",1.54481117376038,5.24331252078816
"966",2.40609467888635,4.44387203581582
"967",2.65187145995045,4.57657959351757
"968",1.51157649782121,6.19875157674468
"969",1.87033573363091,4.71827714737305
"970",1.92120423633757,4.94999523459627
"971",1.49473180437892,5.34577741849043
"972",2.101325859,4.82611617058045
"973",2.53978313868224,4.16125949136078
"974",2.13839430192321,4.80945402003148
"975",1.59245245077246,5.60145637886189
"976",1.47099525745633,5.30119047818593
"977",1.80657796040091,5.15711013936927
"978",2.83578982805218,4.30599695436549
"979",2.05292253313395,4.50256698743057
"980",1.76491067689688,5.28119930899502
"981",2.32034744366446,4.07852897414742
"982",3.38290042051242,4.50081895372489
"983",1.36172242077422,5.34990855854805
"984",1.85697273083801,4.89575580541303
"985",1.74817508870959,5.50375799986899
"986",2.20883705551982,4.79616752039429
"987",1.86520154418055,5.43816396513934
"988",1.70944873843843,4.66996490645155
"989",1.77433286669744,4.56773788469148
"990",1.61854608357988,4.96317362006338
"991",2.0766391164451,4.46327911864631
"992",2.57410609150148,4.42807473177468
"993",1.65708916192943,4.87567571678872
"994",2.14829554782319,4.26773703938314
"995",2.89636706559308,3.83519797019664
"996",2.12413190621086,4.89797172731235
